{
  "Orders" : {
    "transaction" : "Orders",
    "sampleCount" : 100,
    "errorCount" : 100,
    "errorPct" : 100.0,
    "meanResTime" : 215.71999999999994,
    "medianResTime" : 216.0,
    "minResTime" : 162.0,
    "maxResTime" : 265.0,
    "pct1ResTime" : 237.9,
    "pct2ResTime" : 246.95,
    "pct3ResTime" : 264.96999999999997,
    "throughput" : 63.85696040868455,
    "receivedKBytesPerSec" : 101.02058888090677,
    "sentKBytesPerSec" : 36.10662116858237
  },
  "LunchBrowser" : {
    "transaction" : "LunchBrowser",
    "sampleCount" : 100,
    "errorCount" : 0,
    "errorPct" : 0.0,
    "meanResTime" : 1246.4200000000005,
    "medianResTime" : 1285.0,
    "minResTime" : 612.0,
    "maxResTime" : 1784.0,
    "pct1ResTime" : 1686.2,
    "pct2ResTime" : 1730.95,
    "pct3ResTime" : 1783.85,
    "throughput" : 33.9097999321804,
    "receivedKBytesPerSec" : 48.442334795693455,
    "sentKBytesPerSec" : 23.081182180400138
  },
  "ConfirmOrder" : {
    "transaction" : "ConfirmOrder",
    "sampleCount" : 100,
    "errorCount" : 0,
    "errorPct" : 0.0,
    "meanResTime" : 166.9900000000001,
    "medianResTime" : 165.0,
    "minResTime" : 152.0,
    "maxResTime" : 212.0,
    "pct1ResTime" : 184.0,
    "pct2ResTime" : 191.84999999999997,
    "pct3ResTime" : 211.86999999999995,
    "throughput" : 66.62225183211193,
    "receivedKBytesPerSec" : 17.826657228514325,
    "sentKBytesPerSec" : 44.761825449700204
  },
  "SearchByKeyword" : {
    "transaction" : "SearchByKeyword",
    "sampleCount" : 100,
    "errorCount" : 0,
    "errorPct" : 0.0,
    "meanResTime" : 202.37,
    "medianResTime" : 205.5,
    "minResTime" : 151.0,
    "maxResTime" : 223.0,
    "pct1ResTime" : 215.0,
    "pct2ResTime" : 218.0,
    "pct3ResTime" : 222.98,
    "throughput" : 67.38544474393531,
    "receivedKBytesPerSec" : 66.13512887466307,
    "sentKBytesPerSec" : 37.90431266846361
  },
  "Total" : {
    "transaction" : "Total",
    "sampleCount" : 500,
    "errorCount" : 100,
    "errorPct" : 20.0,
    "meanResTime" : 403.3279999999998,
    "medianResTime" : 204.0,
    "minResTime" : 151.0,
    "maxResTime" : 1784.0,
    "pct1ResTime" : 1288.2000000000003,
    "pct2ResTime" : 1595.8,
    "pct3ResTime" : 1730.99,
    "throughput" : 139.2757660167131,
    "receivedKBytesPerSec" : 126.10441330083566,
    "sentKBytesPerSec" : 88.46187325905292
  },
  "SignIn" : {
    "transaction" : "SignIn",
    "sampleCount" : 100,
    "errorCount" : 0,
    "errorPct" : 0.0,
    "meanResTime" : 185.14000000000001,
    "medianResTime" : 179.0,
    "minResTime" : 155.0,
    "maxResTime" : 273.0,
    "pct1ResTime" : 233.80000000000013,
    "pct2ResTime" : 255.64999999999992,
    "pct3ResTime" : 273.0,
    "throughput" : 59.665871121718375,
    "receivedKBytesPerSec" : 15.96528192124105,
    "sentKBytesPerSec" : 41.48642601431981
  }
}